LineID,LineNum_legacy,Transgene,Mutation,PlateSeries,DaysPostInfection,CellsPerWell,Media,WellsPlated,WellsGrown,WellsCensored
1_CSF2RB_WT,1,CSF2RB,WT,1,2,1,WEHI,96,66,0
1_CSF2RB_WT,1,CSF2RB,WT,1,2,1,R10,96,0,0
1_CSF2RB_WT,1,CSF2RB,WT,1,2,100,R10,24,0,0
1_CSF2RB_WT,1,CSF2RB,WT,1,2,1000,R10,24,0,0
1_CSF2RB_WT,1,CSF2RB,WT,1,2,10000,R10,48,1,0
2_CSF2RB_WT,1,CSF2RB,WT,2,9,1,WEHI,96,67,0
2_CSF2RB_WT,1,CSF2RB,WT,2,9,1,R10,96,0,0
2_CSF2RB_WT,1,CSF2RB,WT,2,9,100,R10,24,0,0
2_CSF2RB_WT,1,CSF2RB,WT,2,9,1000,R10,24,0,0
2_CSF2RB_WT,1,CSF2RB,WT,2,9,10000,R10,48,0,0
1_CSF2RB_R461C,2,CSF2RB,R461C,1,2,1,WEHI,96,45,0
1_CSF2RB_R461C,2,CSF2RB,R461C,1,2,1,R10,96,0,0
1_CSF2RB_R461C,2,CSF2RB,R461C,1,2,100,R10,24,0,0
1_CSF2RB_R461C,2,CSF2RB,R461C,1,2,1000,R10,24,0,0
1_CSF2RB_R461C,2,CSF2RB,R461C,1,2,10000,R10,48,1,3
2_CSF2RB_R461C,2,CSF2RB,R461C,2,9,1,WEHI,96,63,0
2_CSF2RB_R461C,2,CSF2RB,R461C,2,9,1,R10,96,0,0
2_CSF2RB_R461C,2,CSF2RB,R461C,2,9,100,R10,24,0,0
2_CSF2RB_R461C,2,CSF2RB,R461C,2,9,1000,R10,24,0,0
2_CSF2RB_R461C,2,CSF2RB,R461C,2,9,10000,R10,48,7,0
1_CSF3R_WT,3,CSF3R,WT,1,2,1,WEHI,96,68,0
1_CSF3R_WT,3,CSF3R,WT,1,2,1,R10,96,0,0
1_CSF3R_WT,3,CSF3R,WT,1,2,100,R10,24,0,0
1_CSF3R_WT,3,CSF3R,WT,1,2,1000,R10,24,1,0
1_CSF3R_WT,3,CSF3R,WT,1,2,10000,R10,48,31,2
2_CSF3R_WT,3,CSF3R,WT,2,9,1,WEHI,96,70,0
2_CSF3R_WT,3,CSF3R,WT,2,9,1,R10,96,0,0
2_CSF3R_WT,3,CSF3R,WT,2,9,100,R10,24,0,0
2_CSF3R_WT,3,CSF3R,WT,2,9,1000,R10,24,8,0
2_CSF3R_WT,3,CSF3R,WT,2,9,10000,R10,48,48,0
1_CSF3R_T618I,4,CSF3R,T618I,1,2,1,WEHI,96,51,0
1_CSF3R_T618I,4,CSF3R,T618I,1,2,1,R10,96,13,0
1_CSF3R_T618I,4,CSF3R,T618I,1,2,100,R10,24,21,0
1_CSF3R_T618I,4,CSF3R,T618I,1,2,1000,R10,24,24,0
1_CSF3R_T618I,4,CSF3R,T618I,1,2,10000,R10,NA,NA,NA
2_CSF3R_T618I,4,CSF3R,T618I,2,9,1,WEHI,96,41,0
2_CSF3R_T618I,4,CSF3R,T618I,2,9,1,R10,96,29,0
2_CSF3R_T618I,4,CSF3R,T618I,2,9,100,R10,24,24,0
2_CSF3R_T618I,4,CSF3R,T618I,2,9,1000,R10,24,24,0
2_CSF3R_T618I,4,CSF3R,T618I,2,9,10000,R10,48,48,0
1_CSF3R_W791X,5,CSF3R,W791X,1,2,1,WEHI,96,62,0
1_CSF3R_W791X,5,CSF3R,W791X,1,2,1,R10,96,0,0
1_CSF3R_W791X,5,CSF3R,W791X,1,2,100,R10,24,0,0
1_CSF3R_W791X,5,CSF3R,W791X,1,2,1000,R10,24,0,0
1_CSF3R_W791X,5,CSF3R,W791X,1,2,10000,R10,48,47,0
2_CSF3R_W791X,5,CSF3R,W791X,2,9,1,WEHI,96,56,0
2_CSF3R_W791X,5,CSF3R,W791X,2,9,1,R10,96,0,0
2_CSF3R_W791X,5,CSF3R,W791X,2,9,100,R10,24,4,0
2_CSF3R_W791X,5,CSF3R,W791X,2,9,1000,R10,24,22,0
2_CSF3R_W791X,5,CSF3R,W791X,2,9,10000,R10,48,48,0
1_IL7R_WT,6,IL7R,WT,1,2,1,WEHI,96,77,0
1_IL7R_WT,6,IL7R,WT,1,2,1,R10,96,0,0
1_IL7R_WT,6,IL7R,WT,1,2,100,R10,24,0,0
1_IL7R_WT,6,IL7R,WT,1,2,1000,R10,24,0,0
1_IL7R_WT,6,IL7R,WT,1,2,10000,R10,48,0,1
2_IL7R_WT,6,IL7R,WT,2,9,1,WEHI,96,75,0
2_IL7R_WT,6,IL7R,WT,2,9,1,R10,96,0,0
2_IL7R_WT,6,IL7R,WT,2,9,100,R10,24,0,0
2_IL7R_WT,6,IL7R,WT,2,9,1000,R10,24,0,0
2_IL7R_WT,6,IL7R,WT,2,9,10000,R10,48,0,0
1_IL7R_243InsPPCL,7,IL7R,243InsPPCL,1,2,1,WEHI,96,66,0
1_IL7R_243InsPPCL,7,IL7R,243InsPPCL,1,2,1,R10,96,0,0
1_IL7R_243InsPPCL,7,IL7R,243InsPPCL,1,2,100,R10,24,0,0
1_IL7R_243InsPPCL,7,IL7R,243InsPPCL,1,2,1000,R10,24,0,0
1_IL7R_243InsPPCL,7,IL7R,243InsPPCL,1,2,10000,R10,48,47,0
2_IL7R_243InsPPCL,7,IL7R,243InsPPCL,2,9,1,WEHI,96,65,0
2_IL7R_243InsPPCL,7,IL7R,243InsPPCL,2,9,1,R10,96,0,0
2_IL7R_243InsPPCL,7,IL7R,243InsPPCL,2,9,100,R10,24,0,0
2_IL7R_243InsPPCL,7,IL7R,243InsPPCL,2,9,1000,R10,24,1,0
2_IL7R_243InsPPCL,7,IL7R,243InsPPCL,2,9,10000,R10,48,36,0
1_Vector_Empty,8,Vector,Empty,1,2,1,WEHI,96,57,0
1_Vector_Empty,8,Vector,Empty,1,2,1,R10,96,0,0
1_Vector_Empty,8,Vector,Empty,1,2,100,R10,24,0,0
1_Vector_Empty,8,Vector,Empty,1,2,1000,R10,24,0,0
1_Vector_Empty,8,Vector,Empty,1,2,10000,R10,48,0,0
2_Vector_Empty,8,Vector,Empty,2,9,1,WEHI,96,66,0
2_Vector_Empty,8,Vector,Empty,2,9,1,R10,96,0,0
2_Vector_Empty,8,Vector,Empty,2,9,100,R10,24,0,0
2_Vector_Empty,8,Vector,Empty,2,9,1000,R10,24,0,0
2_Vector_Empty,8,Vector,Empty,2,9,10000,R10,48,0,0
1_P210_Fusion,9,P210,Fusion,1,2,1,WEHI,96,49,0
1_P210_Fusion,9,P210,Fusion,1,2,1,R10,96,27,0
1_P210_Fusion,9,P210,Fusion,1,2,100,R10,24,24,0
1_P210_Fusion,9,P210,Fusion,1,2,1000,R10,24,24,0
1_P210_Fusion,9,P210,Fusion,1,2,10000,R10,NA,NA,NA
2_P210_Fusion,9,P210,Fusion,2,9,1,WEHI,96,57,0
2_P210_Fusion,9,P210,Fusion,2,9,1,R10,96,46,0
2_P210_Fusion,9,P210,Fusion,2,9,100,R10,24,24,0
2_P210_Fusion,9,P210,Fusion,2,9,1000,R10,24,24,0
2_P210_Fusion,9,P210,Fusion,2,9,10000,R10,48,48,0
3_CSF2RB_WT,11,CSF2RB,WT,3,2,1,WEHI,96,61,0
3_CSF2RB_WT,11,CSF2RB,WT,3,2,1,R10,96,0,0
3_CSF2RB_WT,11,CSF2RB,WT,3,2,100,R10,NA,NA,NA
3_CSF2RB_WT,11,CSF2RB,WT,3,2,1000,R10,NA,NA,NA
3_CSF2RB_WT,11,CSF2RB,WT,3,2,10000,R10,NA,NA,NA
4_CSF2RB_WT,11,CSF2RB,WT,4,9,1,WEHI,NA,NA,NA
4_CSF2RB_WT,11,CSF2RB,WT,4,9,1,R10,NA,NA,NA
4_CSF2RB_WT,11,CSF2RB,WT,4,9,100,R10,NA,NA,NA
4_CSF2RB_WT,11,CSF2RB,WT,4,9,1000,R10,NA,NA,NA
4_CSF2RB_WT,11,CSF2RB,WT,4,9,10000,R10,NA,NA,NA
3_CSF2RB_R461C,12,CSF2RB,R461C,3,2,1,WEHI,96,56,0
3_CSF2RB_R461C,12,CSF2RB,R461C,3,2,1,R10,96,0,0
3_CSF2RB_R461C,12,CSF2RB,R461C,3,2,100,R10,24,0,0
3_CSF2RB_R461C,12,CSF2RB,R461C,3,2,1000,R10,24,0,0
3_CSF2RB_R461C,12,CSF2RB,R461C,3,2,10000,R10,48,13,2
4_CSF2RB_R461C,12,CSF2RB,R461C,4,9,1,WEHI,NA,NA,NA
4_CSF2RB_R461C,12,CSF2RB,R461C,4,9,1,R10,NA,NA,NA
4_CSF2RB_R461C,12,CSF2RB,R461C,4,9,100,R10,NA,NA,NA
4_CSF2RB_R461C,12,CSF2RB,R461C,4,9,1000,R10,NA,NA,NA
4_CSF2RB_R461C,12,CSF2RB,R461C,4,9,10000,R10,NA,NA,NA
3_CSF3R_WT,13,CSF3R,WT,3,2,1,WEHI,96,69,0
3_CSF3R_WT,13,CSF3R,WT,3,2,1,R10,96,0,0
3_CSF3R_WT,13,CSF3R,WT,3,2,100,R10,24,3,0
3_CSF3R_WT,13,CSF3R,WT,3,2,1000,R10,24,21,0
3_CSF3R_WT,13,CSF3R,WT,3,2,10000,R10,48,48,0
4_CSF3R_WT,13,CSF3R,WT,4,9,1,WEHI,96,57,0
4_CSF3R_WT,13,CSF3R,WT,4,9,1,R10,96,0,0
4_CSF3R_WT,13,CSF3R,WT,4,9,100,R10,24,6,0
4_CSF3R_WT,13,CSF3R,WT,4,9,1000,R10,24,21,0
4_CSF3R_WT,13,CSF3R,WT,4,9,10000,R10,48,48,0
3_CSF3R_T618I,14,CSF3R,T618I,3,2,1,WEHI,96,42,0
3_CSF3R_T618I,14,CSF3R,T618I,3,2,1,R10,96,33,0
3_CSF3R_T618I,14,CSF3R,T618I,3,2,100,R10,24,24,0
3_CSF3R_T618I,14,CSF3R,T618I,3,2,1000,R10,24,24,0
3_CSF3R_T618I,14,CSF3R,T618I,3,2,10000,R10,48,48,0
4_CSF3R_T618I,14,CSF3R,T618I,4,9,1,WEHI,96,47,0
4_CSF3R_T618I,14,CSF3R,T618I,4,9,1,R10,96,48,0
4_CSF3R_T618I,14,CSF3R,T618I,4,9,100,R10,24,24,0
4_CSF3R_T618I,14,CSF3R,T618I,4,9,1000,R10,24,24,0
4_CSF3R_T618I,14,CSF3R,T618I,4,9,10000,R10,48,48,0
3_CSF3R_W791X,15,CSF3R,W791X,3,2,1,WEHI,96,62,0
3_CSF3R_W791X,15,CSF3R,W791X,3,2,1,R10,96,0,0
3_CSF3R_W791X,15,CSF3R,W791X,3,2,100,R10,24,3,0
3_CSF3R_W791X,15,CSF3R,W791X,3,2,1000,R10,24,19,0
3_CSF3R_W791X,15,CSF3R,W791X,3,2,10000,R10,48,48,0
4_CSF3R_W791X,15,CSF3R,W791X,4,9,1,WEHI,96,74,0
4_CSF3R_W791X,15,CSF3R,W791X,4,9,1,R10,96,1,0
4_CSF3R_W791X,15,CSF3R,W791X,4,9,100,R10,24,11,0
4_CSF3R_W791X,15,CSF3R,W791X,4,9,1000,R10,24,24,0
4_CSF3R_W791X,15,CSF3R,W791X,4,9,10000,R10,48,48,0
3_IL7R_WT,16,IL7R,WT,3,2,1,WEHI,96,45,0
3_IL7R_WT,16,IL7R,WT,3,2,1,R10,96,0,0
3_IL7R_WT,16,IL7R,WT,3,2,100,R10,24,0,0
3_IL7R_WT,16,IL7R,WT,3,2,1000,R10,24,0,0
3_IL7R_WT,16,IL7R,WT,3,2,10000,R10,48,0,0
4_IL7R_WT,16,IL7R,WT,4,9,1,WEHI,96,67,0
4_IL7R_WT,16,IL7R,WT,4,9,1,R10,96,0,0
4_IL7R_WT,16,IL7R,WT,4,9,100,R10,24,0,0
4_IL7R_WT,16,IL7R,WT,4,9,1000,R10,24,0,0
4_IL7R_WT,16,IL7R,WT,4,9,10000,R10,48,0,0
3_IL7R_243InsPPCL,17,IL7R,243InsPPCL,3,2,1,WEHI,96,60,0
3_IL7R_243InsPPCL,17,IL7R,243InsPPCL,3,2,1,R10,96,0,0
3_IL7R_243InsPPCL,17,IL7R,243InsPPCL,3,2,100,R10,24,13,0
3_IL7R_243InsPPCL,17,IL7R,243InsPPCL,3,2,1000,R10,24,24,0
3_IL7R_243InsPPCL,17,IL7R,243InsPPCL,3,2,10000,R10,48,48,0
4_IL7R_243InsPPCL,17,IL7R,243InsPPCL,4,9,1,WEHI,96,55,0
4_IL7R_243InsPPCL,17,IL7R,243InsPPCL,4,9,1,R10,96,0,0
4_IL7R_243InsPPCL,17,IL7R,243InsPPCL,4,9,100,R10,24,22,0
4_IL7R_243InsPPCL,17,IL7R,243InsPPCL,4,9,1000,R10,24,24,0
4_IL7R_243InsPPCL,17,IL7R,243InsPPCL,4,9,10000,R10,48,48,0
3_Vector_Empty,18,Vector,Empty,3,2,1,WEHI,96,67,0
3_Vector_Empty,18,Vector,Empty,3,2,1,R10,96,0,0
3_Vector_Empty,18,Vector,Empty,3,2,100,R10,24,0,0
3_Vector_Empty,18,Vector,Empty,3,2,1000,R10,24,0,0
3_Vector_Empty,18,Vector,Empty,3,2,10000,R10,48,1,0
4_Vector_Empty,18,Vector,Empty,4,9,1,WEHI,96,60,0
4_Vector_Empty,18,Vector,Empty,4,9,1,R10,96,0,0
4_Vector_Empty,18,Vector,Empty,4,9,100,R10,24,0,0
4_Vector_Empty,18,Vector,Empty,4,9,1000,R10,24,0,0
4_Vector_Empty,18,Vector,Empty,4,9,10000,R10,48,20,0
3_P210_Fusion,19,P210,Fusion,3,2,1,WEHI,96,70,0
3_P210_Fusion,19,P210,Fusion,3,2,1,R10,96,61,0
3_P210_Fusion,19,P210,Fusion,3,2,100,R10,24,24,0
3_P210_Fusion,19,P210,Fusion,3,2,1000,R10,24,24,0
3_P210_Fusion,19,P210,Fusion,3,2,10000,R10,NA,NA,NA
4_P210_Fusion,19,P210,Fusion,4,9,1,WEHI,96,61,0
4_P210_Fusion,19,P210,Fusion,4,9,1,R10,96,55,0
4_P210_Fusion,19,P210,Fusion,4,9,100,R10,24,24,0
4_P210_Fusion,19,P210,Fusion,4,9,1000,R10,24,24,0
4_P210_Fusion,19,P210,Fusion,4,9,10000,R10,48,48,0
5_CSF2RB_WT,21,CSF2RB,WT,5,2,1,WEHI,96,72,0
5_CSF2RB_WT,21,CSF2RB,WT,5,2,1,R10,96,0,0
5_CSF2RB_WT,21,CSF2RB,WT,5,2,100,R10,24,0,0
5_CSF2RB_WT,21,CSF2RB,WT,5,2,1000,R10,24,0,0
5_CSF2RB_WT,21,CSF2RB,WT,5,2,10000,R10,48,3,0
6_CSF2RB_WT,21,CSF2RB,WT,6,9,1,WEHI,96,62,0
6_CSF2RB_WT,21,CSF2RB,WT,6,9,1,R10,96,0,0
6_CSF2RB_WT,21,CSF2RB,WT,6,9,100,R10,24,0,0
6_CSF2RB_WT,21,CSF2RB,WT,6,9,1000,R10,24,0,0
6_CSF2RB_WT,21,CSF2RB,WT,6,9,10000,R10,48,0,0
5_CSF2RB_R461C,22,CSF2RB,R461C,5,2,1,WEHI,96,65,0
5_CSF2RB_R461C,22,CSF2RB,R461C,5,2,1,R10,96,0,0
5_CSF2RB_R461C,22,CSF2RB,R461C,5,2,100,R10,24,0,0
5_CSF2RB_R461C,22,CSF2RB,R461C,5,2,1000,R10,24,1,0
5_CSF2RB_R461C,22,CSF2RB,R461C,5,2,10000,R10,48,23,0
6_CSF2RB_R461C,22,CSF2RB,R461C,6,9,1,WEHI,96,69,0
6_CSF2RB_R461C,22,CSF2RB,R461C,6,9,1,R10,96,0,0
6_CSF2RB_R461C,22,CSF2RB,R461C,6,9,100,R10,24,0,0
6_CSF2RB_R461C,22,CSF2RB,R461C,6,9,1000,R10,24,1,0
6_CSF2RB_R461C,22,CSF2RB,R461C,6,9,10000,R10,48,7,0
5_CSF3R_WT,23,CSF3R,WT,5,2,1,WEHI,96,53,0
5_CSF3R_WT,23,CSF3R,WT,5,2,1,R10,96,1,0
5_CSF3R_WT,23,CSF3R,WT,5,2,100,R10,24,1,0
5_CSF3R_WT,23,CSF3R,WT,5,2,1000,R10,24,18,0
5_CSF3R_WT,23,CSF3R,WT,5,2,10000,R10,48,48,0
6_CSF3R_WT,23,CSF3R,WT,6,9,1,WEHI,96,65,0
6_CSF3R_WT,23,CSF3R,WT,6,9,1,R10,96,0,0
6_CSF3R_WT,23,CSF3R,WT,6,9,100,R10,24,0,0
6_CSF3R_WT,23,CSF3R,WT,6,9,1000,R10,24,15,0
6_CSF3R_WT,23,CSF3R,WT,6,9,10000,R10,48,48,0
5_CSF3R_T618I,24,CSF3R,T618I,5,2,1,WEHI,96,62,0
5_CSF3R_T618I,24,CSF3R,T618I,5,2,1,R10,96,55,0
5_CSF3R_T618I,24,CSF3R,T618I,5,2,100,R10,24,24,0
5_CSF3R_T618I,24,CSF3R,T618I,5,2,1000,R10,24,24,0
5_CSF3R_T618I,24,CSF3R,T618I,5,2,10000,R10,48,48,0
6_CSF3R_T618I,24,CSF3R,T618I,6,9,1,WEHI,96,46,0
6_CSF3R_T618I,24,CSF3R,T618I,6,9,1,R10,96,28,0
6_CSF3R_T618I,24,CSF3R,T618I,6,9,100,R10,24,24,0
6_CSF3R_T618I,24,CSF3R,T618I,6,9,1000,R10,24,24,0
6_CSF3R_T618I,24,CSF3R,T618I,6,9,10000,R10,48,48,0
5_CSF3R_W791X,25,CSF3R,W791X,5,2,1,WEHI,96,75,0
5_CSF3R_W791X,25,CSF3R,W791X,5,2,1,R10,96,0,0
5_CSF3R_W791X,25,CSF3R,W791X,5,2,100,R10,24,3,0
5_CSF3R_W791X,25,CSF3R,W791X,5,2,1000,R10,24,23,0
5_CSF3R_W791X,25,CSF3R,W791X,5,2,10000,R10,48,48,0
6_CSF3R_W791X,25,CSF3R,W791X,6,9,1,WEHI,96,58,0
6_CSF3R_W791X,25,CSF3R,W791X,6,9,1,R10,96,0,0
6_CSF3R_W791X,25,CSF3R,W791X,6,9,100,R10,24,3,0
6_CSF3R_W791X,25,CSF3R,W791X,6,9,1000,R10,24,24,0
6_CSF3R_W791X,25,CSF3R,W791X,6,9,10000,R10,48,48,0
5_IL7R_WT,26,IL7R,WT,5,2,1,WEHI,96,48,0
5_IL7R_WT,26,IL7R,WT,5,2,1,R10,96,0,0
5_IL7R_WT,26,IL7R,WT,5,2,100,R10,24,0,0
5_IL7R_WT,26,IL7R,WT,5,2,1000,R10,24,0,0
5_IL7R_WT,26,IL7R,WT,5,2,10000,R10,48,1,0
6_IL7R_WT,26,IL7R,WT,6,9,1,WEHI,96,56,0
6_IL7R_WT,26,IL7R,WT,6,9,1,R10,96,0,0
6_IL7R_WT,26,IL7R,WT,6,9,100,R10,24,0,0
6_IL7R_WT,26,IL7R,WT,6,9,1000,R10,24,0,0
6_IL7R_WT,26,IL7R,WT,6,9,10000,R10,48,0,0
5_IL7R_243InsPPCL,27,IL7R,243InsPPCL,5,2,1,WEHI,96,54,0
5_IL7R_243InsPPCL,27,IL7R,243InsPPCL,5,2,1,R10,96,5,0
5_IL7R_243InsPPCL,27,IL7R,243InsPPCL,5,2,100,R10,24,24,0
5_IL7R_243InsPPCL,27,IL7R,243InsPPCL,5,2,1000,R10,24,24,0
5_IL7R_243InsPPCL,27,IL7R,243InsPPCL,5,2,10000,R10,48,48,0
6_IL7R_243InsPPCL,27,IL7R,243InsPPCL,6,9,1,WEHI,96,45,0
6_IL7R_243InsPPCL,27,IL7R,243InsPPCL,6,9,1,R10,96,0,0
6_IL7R_243InsPPCL,27,IL7R,243InsPPCL,6,9,100,R10,24,2,0
6_IL7R_243InsPPCL,27,IL7R,243InsPPCL,6,9,1000,R10,24,22,0
6_IL7R_243InsPPCL,27,IL7R,243InsPPCL,6,9,10000,R10,48,48,0
5_Vector_Empty,28,Vector,Empty,5,2,1,WEHI,96,43,0
5_Vector_Empty,28,Vector,Empty,5,2,1,R10,96,0,0
5_Vector_Empty,28,Vector,Empty,5,2,100,R10,24,0,0
5_Vector_Empty,28,Vector,Empty,5,2,1000,R10,24,0,0
5_Vector_Empty,28,Vector,Empty,5,2,10000,R10,48,0,0
6_Vector_Empty,28,Vector,Empty,6,9,1,WEHI,96,77,0
6_Vector_Empty,28,Vector,Empty,6,9,1,R10,96,0,0
6_Vector_Empty,28,Vector,Empty,6,9,100,R10,24,0,0
6_Vector_Empty,28,Vector,Empty,6,9,1000,R10,24,0,0
6_Vector_Empty,28,Vector,Empty,6,9,10000,R10,48,0,0
5_P210_Fusion,29,P210,Fusion,5,2,1,WEHI,96,46,0
5_P210_Fusion,29,P210,Fusion,5,2,1,R10,96,23,0
5_P210_Fusion,29,P210,Fusion,5,2,100,R10,24,24,0
5_P210_Fusion,29,P210,Fusion,5,2,1000,R10,24,24,0
5_P210_Fusion,29,P210,Fusion,5,2,10000,R10,NA,NA,NA
6_P210_Fusion,29,P210,Fusion,6,9,1,WEHI,96,26,0
6_P210_Fusion,29,P210,Fusion,6,9,1,R10,96,19,0
6_P210_Fusion,29,P210,Fusion,6,9,100,R10,24,24,0
6_P210_Fusion,29,P210,Fusion,6,9,1000,R10,24,24,0
6_P210_Fusion,29,P210,Fusion,6,9,10000,R10,48,48,0
